months_as_customer,age,policy_deductable,policy_annual_premium,insured_sex,insured_education_level,insured_occupation,incident_type,collision_type,incident_severity,vehicle_claim
328,48.0,1000.0,0,1,4,2,2,2,0,545
228,42.0,2000.0,0,1,4,6,3,3,1,38
134,29.0,2000.0,0,0,6,11,0,1,1,116
256,41.0,2000.0,0,0,6,1,2,0,0,521
228,44.0,1000.0,1,1,0,11,3,3,1,66
256,39.0,1000.0,0,0,6,12,0,1,0,531
137,34.0,1000.0,0,1,3,9,0,0,1,512
165,37.0,1000.0,0,1,0,12,0,0,2,197
27,33.0,500.0,0,0,6,7,2,0,2,113
212,42.0,500.0,0,1,6,8,2,1,2,198
235,42.0,500.0,0,0,5,3,2,0,2,681
447,61.0,2000.0,0,0,2,3,0,0,0,725
60,23.0,500.0,0,1,4,10,2,1,2,356
121,34.0,1000.0,2,0,4,1,1,3,1,78
180,38.0,2000.0,0,0,1,6,2,1,2,205
473,58.0,2000.0,0,0,4,13,0,2,0,351
70,26.0,1000.0,0,1,1,6,0,1,0,323
140,31.0,500.0,2,1,2,6,2,2,2,612
160,37.0,500.0,0,0,4,2,2,2,2,561
196,39.0,2000.0,0,0,2,5,0,2,0,478
460,62.0,1000.0,0,1,3,7,0,1,1,348
217,41.0,2000.0,2,0,0,6,0,2,2,199
370,55.0,2000.0,0,1,2,9,0,1,0,463
413,55.0,2000.0,0,1,4,8,2,0,2,717
237,40.0,1000.0,2,1,1,2,2,1,1,612
8,35.0,2000.0,0,1,5,11,0,1,0,392
257,43.0,2000.0,0,1,2,9,1,3,1,100
202,34.0,500.0,2,1,3,3,3,3,1,55
224,40.0,2000.0,0,0,3,11,2,2,1,440
241,45.0,2000.0,0,0,6,6,2,1,1,683
64,25.0,1000.0,2,1,5,9,0,2,0,516
166,37.0,2000.0,0,1,3,2,0,2,0,548
155,35.0,1000.0,0,0,0,0,0,0,2,117
114,30.0,1000.0,1,1,2,4,0,0,0,490
149,37.0,500.0,0,1,6,9,2,2,2,485
147,33.0,1000.0,0,1,2,2,2,0,0,263
62,28.0,1000.0,2,0,5,10,2,1,2,474
289,49.0,2000.0,0,0,3,8,1,3,1,31
431,54.0,2000.0,0,0,4,2,0,1,0,382
199,37.0,500.0,0,1,3,12,2,0,0,281
79,26.0,500.0,0,1,0,12,2,1,1,145
116,34.0,500.0,1,1,0,13,2,2,0,689
37,38.96292585170341,500.0,0,0,1,9,0,2,1,317
106,30.0,500.0,2,0,6,13,2,1,2,308
269,44.0,2000.0,0,1,3,8,2,0,1,208
265,40.0,1000.0,0,0,4,10,0,1,2,475
163,33.0,500.0,0,0,0,7,0,1,2,679
355,47.0,2000.0,0,1,1,7,0,0,0,514
175,34.0,1000.0,0,0,6,10,3,3,3,90
192,35.0,1000.0,0,0,5,3,2,1,2,569
430,59.0,2000.0,0,1,4,7,0,0,1,620
91,27.0,2000.0,0,0,3,4,3,3,3,83
217,39.0,1000.0,1,1,1,1,3,3,1,36
223,40.0,500.0,0,0,3,8,0,2,0,411
195,39.0,1000.0,0,1,6,6,1,3,1,2
22,26.0,1000.0,0,1,6,2,2,1,1,595
439,56.0,500.0,0,0,6,9,0,0,0,513
94,32.0,1000.0,0,0,5,0,1,3,1,5
11,39.0,2000.0,0,1,6,7,2,0,2,529
151,36.0,2000.0,2,0,4,0,0,2,1,423
154,34.0,500.0,2,1,6,6,0,1,0,577
245,44.0,1000.0,0,1,3,5,0,2,2,201
119,32.0,1000.0,2,1,2,1,2,2,1,301
215,42.0,500.0,1,1,3,13,0,0,0,532
295,42.0,1000.0,1,1,6,11,0,1,2,427
254,39.0,500.0,0,0,4,3,0,0,1,670
107,31.0,500.0,0,0,2,12,2,2,1,674
478,64.0,500.0,2,0,0,0,0,2,1,162
128,30.0,1000.0,0,1,4,6,2,0,0,507
338,49.0,1000.0,0,1,4,7,1,3,1,18
271,42.0,500.0,0,0,0,9,0,2,0,504
222,41.0,2000.0,0,0,4,1,2,0,2,462
199,41.0,1000.0,2,0,0,11,2,1,1,140
215,37.0,500.0,1,0,1,13,0,1,1,365
192,40.0,1000.0,0,0,0,11,0,2,1,149
120,35.0,1000.0,0,0,2,13,0,0,2,212
270,45.0,1000.0,0,0,1,5,0,0,1,698
319,47.0,500.0,0,1,1,13,0,0,2,277
194,39.0,1000.0,0,0,3,7,3,3,1,89
227,38.0,500.0,2,0,6,5,2,1,0,518
137,31.0,2000.0,0,1,2,3,0,2,1,165
244,38.96292585170341,2000.0,0,0,5,3,3,3,3,68
78,29.0,1000.0,0,1,5,7,3,3,1,82
200,35.0,2000.0,0,1,2,3,3,3,3,54
284,48.0,2000.0,2,1,5,9,0,2,0,399
275,41.0,2000.0,1,1,2,13,0,0,0,331
153,34.0,1000.0,2,0,0,8,0,0,1,421
134,32.0,500.0,1,0,4,7,2,2,2,332
31,36.0,2000.0,0,0,1,9,1,3,3,32
41,25.0,1000.0,0,0,1,3,0,2,0,302
127,29.0,2000.0,0,0,2,11,0,0,2,436
61,23.0,2000.0,0,0,0,12,2,2,0,712
207,42.0,2000.0,0,1,6,4,1,3,3,70
219,43.0,1000.0,0,0,4,3,0,0,0,560
271,42.0,500.0,1,0,2,6,0,1,2,703
80,25.0,2000.0,0,0,6,1,3,3,1,78
325,47.0,1000.0,1,0,0,10,2,2,0,649
29,25.0,2000.0,0,1,5,4,0,1,1,517
295,48.0,1000.0,0,0,1,6,1,3,3,40
239,42.0,1000.0,2,1,1,3,3,3,3,56
269,41.0,500.0,0,0,1,10,2,1,1,460
80,27.0,1000.0,0,0,1,12,2,2,0,261
279,41.0,500.0,0,0,3,9,0,0,1,127
165,33.0,1000.0,0,0,0,12,1,3,1,12
350,54.0,500.0,0,1,1,7,0,2,2,710
295,49.0,500.0,0,1,1,9,3,3,1,33
464,61.0,1000.0,0,0,0,9,0,1,0,563
118,28.0,2000.0,0,0,2,5,0,0,0,542
298,47.0,2000.0,0,0,6,6,2,0,0,487
87,31.0,1000.0,0,0,5,11,0,1,0,399
261,42.0,500.0,0,0,1,9,2,1,1,550
453,60.0,500.0,0,1,6,2,2,0,0,488
210,41.0,500.0,0,1,2,3,0,1,2,539
168,32.0,1000.0,0,1,4,10,0,2,0,206
390,51.0,2000.0,0,1,0,1,3,3,1,70
258,46.0,1000.0,0,1,4,6,0,2,2,203
107,31.0,2000.0,0,0,6,6,2,1,1,193
225,41.0,2000.0,0,1,2,3,0,2,0,530
164,38.0,2000.0,0,0,6,13,2,1,1,678
245,39.0,500.0,2,0,0,0,0,1,1,559
255,41.0,2000.0,0,1,2,8,2,2,1,340
206,36.0,500.0,1,0,4,7,2,0,0,527
203,38.0,500.0,0,0,5,7,2,0,0,496
22,25.0,2000.0,0,0,1,9,0,0,2,533
211,35.0,500.0,0,0,3,9,2,1,2,145
206,39.0,1000.0,0,1,3,2,0,1,2,116
166,38.0,2000.0,1,1,4,10,2,2,2,150
165,32.0,500.0,0,0,2,12,1,3,1,27
274,43.0,2000.0,0,1,1,4,2,0,0,360
81,28.0,1000.0,0,0,5,11,0,0,0,225
280,45.0,1000.0,0,1,3,6,0,0,1,611
194,39.0,500.0,2,1,5,0,0,0,0,371
112,27.0,500.0,2,0,5,12,0,0,0,210
24,33.0,1000.0,1,0,2,6,2,2,2,195
93,32.0,2000.0,1,1,6,3,2,2,1,545
171,34.0,2000.0,0,0,1,3,2,1,0,481
200,40.0,1000.0,0,0,2,11,3,3,1,24
120,28.0,1000.0,0,0,6,12,0,1,1,552
325,46.0,500.0,0,0,2,9,0,1,1,597
124,32.0,1000.0,0,0,4,7,0,0,2,489
211,35.0,2000.0,0,1,5,6,2,1,2,273
287,41.0,2000.0,2,1,5,13,3,3,3,44
122,34.0,1000.0,0,1,6,6,1,3,1,78
22,29.0,2000.0,0,1,4,3,2,1,0,502
106,31.0,2000.0,0,0,3,4,0,1,2,240
398,58.0,500.0,2,0,0,3,2,0,0,722
214,41.0,500.0,0,1,5,12,0,2,0,410
209,38.0,500.0,0,0,4,7,2,0,1,273
82,27.0,1000.0,0,1,6,0,2,1,0,571
193,41.0,500.0,2,0,3,2,2,2,0,724
134,32.0,1000.0,0,0,6,4,2,2,2,655
288,45.0,1000.0,0,1,5,8,0,1,0,180
104,32.0,500.0,0,1,2,3,0,1,2,393
431,54.0,1000.0,0,0,5,2,0,1,2,353
101,33.0,1000.0,0,0,5,7,0,1,1,250
375,50.0,1000.0,0,1,0,11,2,0,0,264
461,61.0,2000.0,0,1,3,3,0,1,1,517
428,59.0,500.0,0,0,3,9,1,3,1,66
45,38.0,1000.0,0,1,5,6,0,0,2,546
136,29.0,500.0,0,0,3,13,3,3,1,60
216,36.0,1000.0,0,0,0,8,1,3,1,50
278,48.0,2000.0,0,0,4,4,2,0,2,555
295,48.0,1000.0,0,0,4,3,0,2,2,648
112,30.0,1000.0,0,0,5,9,2,0,0,719
122,34.0,500.0,0,0,5,9,0,1,2,685
108,29.0,1000.0,0,0,6,1,0,2,1,407
14,28.0,2000.0,1,0,0,2,2,1,0,417
298,45.0,1000.0,0,1,2,4,0,0,1,410
276,46.0,500.0,0,0,5,6,1,3,3,68
47,37.0,2000.0,0,1,2,7,1,3,1,86
222,42.0,500.0,0,1,0,1,0,1,1,177
119,28.0,2000.0,0,1,2,6,2,1,2,318
73,29.0,1000.0,0,1,1,10,0,1,2,227
8,31.0,500.0,0,0,4,13,0,0,0,155
294,44.0,1000.0,0,0,6,4,3,3,3,58
324,46.0,2000.0,2,1,4,12,2,1,1,466
155,34.0,500.0,1,1,5,10,2,0,1,654
261,45.0,1000.0,0,0,6,9,2,1,1,309
245,40.0,500.0,2,0,5,1,2,0,2,641
235,39.0,500.0,0,1,4,12,3,3,3,40
53,36.0,2000.0,1,1,0,5,0,2,0,244
426,54.0,2000.0,0,0,5,0,2,2,1,699
111,27.0,500.0,0,0,5,12,2,2,2,630
86,26.0,500.0,0,1,3,12,2,1,1,647
296,46.0,1000.0,0,1,5,2,2,0,0,390
125,35.0,500.0,0,1,3,12,2,0,2,688
177,34.0,2000.0,0,0,3,12,0,0,2,103
238,39.0,2000.0,0,0,3,10,3,3,1,47
81,25.0,500.0,2,0,2,12,0,1,0,571
128,28.0,1000.0,2,0,2,0,2,1,2,691
449,57.0,2000.0,0,1,0,12,1,3,1,35
252,39.0,1000.0,0,1,3,4,2,2,1,298
359,47.0,2000.0,0,0,4,5,2,0,2,290
19,32.0,1000.0,0,1,2,7,3,3,1,79
73,26.0,2000.0,0,1,4,4,0,1,2,232
285,44.0,1000.0,1,1,2,5,0,2,2,346
196,36.0,2000.0,0,1,4,1,3,3,3,57
223,43.0,500.0,1,0,4,0,1,3,3,49
328,48.0,500.0,0,1,5,1,2,0,0,340
285,43.0,2000.0,1,0,1,11,3,3,1,6
30,31.0,2000.0,0,1,6,2,3,3,3,46
342,49.0,500.0,1,1,6,13,2,1,1,665
219,39.0,2000.0,0,0,2,10,1,3,3,63
468,62.0,500.0,0,1,6,6,0,1,0,512
241,39.0,2000.0,0,1,3,11,0,1,2,102
223,43.0,500.0,0,0,5,12,2,1,1,380
128,32.0,2000.0,2,0,1,11,2,1,2,468
124,29.0,500.0,0,1,5,5,0,2,0,625
343,48.0,500.0,0,1,3,0,0,2,2,378
404,53.0,500.0,2,1,0,11,1,3,3,95
63,24.0,2000.0,1,0,2,5,3,3,1,53
210,37.0,2000.0,0,1,2,8,3,3,3,85
335,50.0,1000.0,1,1,2,11,0,2,1,109
11,40.0,2000.0,0,0,4,9,0,2,0,211
142,33.0,2000.0,0,0,3,3,2,2,2,663
272,43.0,1000.0,0,1,6,2,0,2,1,642
69,26.0,2000.0,2,0,2,6,2,0,1,456
38,28.0,1000.0,0,1,5,13,3,3,3,78
328,46.0,500.0,0,0,4,9,2,1,2,528
281,43.0,1000.0,1,1,1,8,0,2,1,343
246,44.0,2000.0,1,1,1,4,2,0,0,407
298,49.0,500.0,0,0,1,7,2,0,1,107
330,50.0,1000.0,2,0,2,11,2,2,2,172
362,50.0,500.0,0,1,0,11,0,2,2,400
241,38.0,2000.0,0,0,0,12,0,2,0,541
245,41.0,2000.0,0,1,5,3,2,0,2,535
371,52.0,1000.0,0,0,2,7,0,1,1,705
343,52.0,1000.0,0,0,0,9,2,0,0,164
377,53.0,500.0,1,0,4,2,0,0,2,426
154,37.0,1000.0,1,0,4,4,2,1,1,629
166,34.0,1000.0,0,0,2,6,2,2,2,390
298,46.0,1000.0,0,1,3,9,2,2,1,121
235,42.0,500.0,0,0,5,6,0,2,2,596
172,35.0,2000.0,0,1,4,5,0,1,0,522
27,28.0,2000.0,0,1,3,4,0,0,0,269
428,54.0,2000.0,1,1,5,13,0,2,1,622
99,32.0,1000.0,0,1,3,2,2,0,2,179
107,26.0,2000.0,2,1,4,11,0,1,2,619
272,41.0,2000.0,1,0,0,4,2,2,0,540
151,37.0,1000.0,1,0,5,4,2,0,1,176
249,43.0,1000.0,1,0,4,1,2,0,0,364
177,38.0,2000.0,1,0,1,0,2,0,0,642
190,40.0,2000.0,2,0,3,3,1,3,3,78
174,36.0,2000.0,0,0,1,12,0,1,2,381
95,28.0,1000.0,2,1,0,1,3,3,3,11
371,51.0,1000.0,1,0,0,12,2,1,0,556
2,28.0,1000.0,0,0,3,6,2,2,1,416
269,44.0,500.0,0,0,3,7,0,1,2,704
101,27.0,1000.0,2,1,5,6,1,3,1,54
94,30.0,2000.0,0,0,2,1,2,1,0,531
117,28.0,500.0,0,0,0,13,0,1,2,319
111,27.0,500.0,0,1,4,11,0,2,0,637
242,40.0,500.0,0,0,2,13,3,3,3,94
440,61.0,500.0,0,1,6,13,2,2,0,345
20,23.0,1000.0,1,0,3,12,0,1,0,428
461,57.0,500.0,2,0,2,4,0,2,0,300
208,36.0,500.0,0,1,0,2,0,2,2,235
279,43.0,2000.0,0,1,0,6,2,2,0,284
244,40.0,500.0,0,0,4,11,3,3,3,68
134,30.0,2000.0,0,0,6,3,0,1,0,263
122,29.0,1000.0,1,0,5,8,1,3,3,30
156,31.0,2000.0,0,1,6,7,2,0,0,452
232,43.0,500.0,0,1,1,6,0,1,0,499
244,40.0,2000.0,0,1,5,1,0,2,1,408
84,30.0,2000.0,0,0,4,10,2,2,1,348
394,57.0,500.0,0,0,2,2,3,3,3,73
246,45.0,1000.0,1,1,3,6,0,2,0,241
35,29.0,2000.0,2,0,3,5,0,1,1,589
156,37.0,500.0,0,1,0,10,0,1,0,186
195,36.0,2000.0,0,0,0,6,0,0,2,513
369,55.0,2000.0,1,1,1,5,0,1,1,651
271,40.0,1000.0,0,0,0,7,1,3,1,11
332,47.0,2000.0,0,1,4,2,0,0,0,504
107,26.0,500.0,2,0,3,1,0,1,1,245
217,39.0,2000.0,0,0,5,7,0,0,1,375
243,43.0,500.0,0,0,0,6,0,0,0,152
296,42.0,2000.0,0,1,0,12,0,2,2,507
264,41.0,500.0,0,1,6,9,2,1,1,390
108,33.0,2000.0,2,0,3,1,0,2,0,445
32,38.0,500.0,0,0,1,7,0,2,1,503
259,39.0,1000.0,0,0,3,2,0,2,1,170
186,33.0,1000.0,0,0,0,2,3,3,3,28
201,40.0,2000.0,0,0,6,13,3,3,1,60
436,58.0,2000.0,0,1,6,12,2,1,0,349
189,36.0,2000.0,0,0,4,8,0,2,0,561
105,33.0,500.0,0,0,2,0,2,0,2,528
163,31.0,1000.0,0,1,3,8,0,1,2,439
219,40.0,500.0,0,0,0,13,3,3,3,79
88,25.0,1000.0,0,0,3,5,2,1,0,542
40,39.0,1000.0,0,0,1,11,1,3,1,92
284,42.0,500.0,0,1,0,6,2,2,0,706
59,40.0,2000.0,2,1,1,10,0,0,2,218
39,31.0,2000.0,0,0,2,5,0,1,0,175
147,34.0,1000.0,0,1,2,11,2,2,1,709
156,37.0,500.0,0,1,2,3,0,1,1,362
123,31.0,500.0,0,0,0,9,2,2,2,472
231,43.0,2000.0,2,1,1,10,0,0,1,576
247,39.0,500.0,2,0,1,5,1,3,3,21
194,35.0,500.0,0,0,4,0,1,3,1,59
119,27.0,2000.0,0,1,2,13,0,1,0,238
259,43.0,500.0,2,0,5,4,3,3,3,91
107,31.0,2000.0,0,1,0,5,0,2,2,627
48,44.0,2000.0,0,1,1,11,0,1,0,551
267,40.0,500.0,0,1,3,13,1,3,3,45
286,47.0,500.0,0,1,2,8,0,1,1,429
175,34.0,500.0,2,0,3,5,2,0,0,148
111,29.0,500.0,0,0,6,4,2,2,0,282
151,37.0,500.0,0,0,0,10,0,1,2,454
156,37.0,1000.0,0,1,0,6,0,1,2,610
165,36.0,2000.0,0,1,5,1,0,2,2,257
253,41.0,2000.0,0,0,6,11,0,1,0,636
10,26.0,2000.0,2,1,4,11,0,0,0,115
158,33.0,2000.0,0,0,0,5,2,2,2,122
436,59.0,1000.0,0,1,6,10,0,2,2,461
91,30.0,2000.0,0,0,5,6,0,2,1,634
256,42.0,1000.0,0,0,4,13,2,1,1,557
274,46.0,1000.0,0,1,2,3,0,2,2,659
275,45.0,2000.0,0,0,0,0,0,2,2,476
1,33.0,500.0,2,0,2,13,0,1,1,114
85,30.0,1000.0,0,1,0,10,2,2,0,501
233,37.0,2000.0,1,0,2,11,2,0,2,658
142,30.0,2000.0,1,1,3,0,0,1,0,403
266,44.0,500.0,1,1,2,5,2,0,2,133
350,50.0,500.0,2,0,5,8,0,1,2,154
97,26.0,1000.0,0,1,1,3,0,1,0,234
399,55.0,2000.0,2,1,3,12,0,2,2,672
305,49.0,2000.0,0,0,2,4,0,0,2,480
276,47.0,1000.0,1,1,6,2,0,1,1,468
257,40.0,500.0,0,1,4,1,0,2,0,270
78,31.0,1000.0,1,1,6,10,2,0,0,321
129,28.0,1000.0,0,1,5,6,2,2,0,158
283,46.0,2000.0,0,0,6,13,0,0,0,611
85,25.0,500.0,0,0,3,12,1,3,3,44
101,26.0,1000.0,0,0,4,9,1,3,3,8
96,30.0,500.0,0,1,1,9,2,2,2,444
121,31.0,1000.0,0,0,3,1,2,1,1,522
176,39.0,500.0,0,1,1,1,0,2,1,220
159,37.0,1000.0,2,1,0,12,2,1,2,587
120,30.0,500.0,2,0,0,8,2,0,1,708
212,35.0,2000.0,0,1,4,8,0,0,2,336
290,45.0,500.0,0,0,3,11,0,2,2,417
299,42.0,2000.0,0,0,0,2,2,1,1,410
66,26.0,1000.0,2,1,1,1,2,1,0,456
334,47.0,500.0,0,1,5,10,3,3,1,59
216,38.0,1000.0,0,0,0,12,2,1,2,290
86,28.0,2000.0,1,1,6,13,2,2,1,454
429,56.0,1000.0,0,1,0,6,2,1,1,134
257,43.0,2000.0,2,0,6,5,2,0,2,458
15,34.0,1000.0,1,1,3,12,0,2,2,494
230,39.0,1000.0,2,0,4,2,2,0,0,403
250,43.0,1000.0,0,0,3,12,2,2,1,293
270,44.0,2000.0,0,0,0,6,0,1,0,125
65,26.0,500.0,0,0,2,2,2,1,1,256
475,57.0,500.0,0,1,5,0,2,0,1,634
77,27.0,2000.0,2,0,2,0,0,0,1,571
256,43.0,500.0,0,0,4,9,2,1,2,428
229,37.0,2000.0,0,0,4,2,0,2,0,538
110,28.0,1000.0,1,1,1,7,0,2,1,377
177,33.0,1000.0,1,1,1,0,2,2,0,477
292,44.0,500.0,0,1,6,8,2,2,2,498
451,61.0,2000.0,1,0,0,13,0,1,0,587
61,24.0,500.0,2,0,1,8,0,1,0,445
150,30.0,1000.0,0,1,4,9,1,3,3,40
283,41.0,500.0,0,0,0,11,0,2,0,258
291,46.0,1000.0,2,0,2,0,1,3,1,60
162,31.0,1000.0,0,0,5,0,1,3,1,16
154,36.0,2000.0,0,0,5,3,3,3,3,11
289,47.0,2000.0,0,0,0,0,2,0,1,350
10,19.0,1000.0,0,0,3,2,2,2,1,243
309,47.0,500.0,1,1,6,3,0,1,0,442
396,57.0,1000.0,0,1,2,10,0,0,0,230
273,41.0,1000.0,0,0,6,4,0,2,2,181
129,30.0,2000.0,2,0,6,11,2,0,2,578
140,31.0,2000.0,1,0,3,1,1,3,1,72
419,53.0,2000.0,2,1,1,13,0,2,1,443
315,44.0,1000.0,2,0,5,11,0,0,2,104
72,29.0,500.0,2,0,0,2,2,1,0,559
32,26.0,2000.0,0,1,3,7,2,2,2,178
230,41.0,1000.0,0,1,3,13,0,2,1,397
157,32.0,2000.0,2,1,1,7,0,0,0,242
265,41.0,2000.0,1,0,0,2,0,2,2,236
47,34.0,500.0,0,0,6,3,2,0,1,423
113,29.0,2000.0,0,1,6,3,0,1,1,290
289,46.0,2000.0,0,1,3,1,2,1,1,389
254,41.0,2000.0,0,0,5,10,2,0,1,686
115,30.0,500.0,1,1,2,9,0,0,1,279
236,38.0,1000.0,2,0,1,7,2,2,0,405
7,21.0,1000.0,0,1,0,6,2,0,2,484
208,36.0,2000.0,0,1,3,6,0,2,2,313
126,33.0,1000.0,0,0,3,8,2,0,0,326
48,35.0,500.0,0,0,3,3,2,1,0,209
297,48.0,1000.0,0,1,6,3,0,2,2,315
160,36.0,1000.0,0,0,2,9,0,1,2,251
406,58.0,2000.0,0,1,4,3,0,0,2,493
157,31.0,500.0,0,1,2,4,0,1,0,203
146,31.0,2000.0,0,0,6,6,3,3,1,52
409,57.0,1000.0,0,1,2,10,2,2,0,592
252,46.0,1000.0,0,1,5,0,2,0,1,553
6,27.0,500.0,0,0,2,9,3,3,3,13
103,33.0,1000.0,2,1,4,1,2,1,1,628
369,53.0,2000.0,0,0,5,8,0,0,2,613
261,46.0,1000.0,0,1,4,13,2,0,2,338
159,33.0,2000.0,0,0,1,2,0,1,0,194
344,51.0,2000.0,0,1,0,11,2,2,1,656
437,60.0,1000.0,0,0,1,1,2,0,1,666
65,30.0,500.0,0,0,1,13,0,2,2,604
280,41.0,2000.0,0,1,4,0,0,1,1,207
269,45.0,500.0,0,0,2,6,0,2,2,105
275,40.0,2000.0,0,1,5,3,2,1,1,142
265,45.0,500.0,2,0,1,3,3,3,3,13
283,43.0,2000.0,0,0,0,0,1,3,1,49
84,29.0,1000.0,0,0,2,6,1,3,3,77
247,44.0,2000.0,0,0,1,4,0,0,1,435
56,29.0,1000.0,1,1,5,9,0,0,0,711
210,39.0,1000.0,2,1,0,1,3,3,1,97
108,32.0,2000.0,0,0,2,6,2,0,2,405
328,49.0,500.0,0,0,5,13,2,1,2,568
186,37.0,2000.0,1,0,3,8,2,1,2,292
277,44.0,500.0,0,1,2,8,3,3,3,37
138,33.0,500.0,0,0,3,3,2,2,1,695
208,41.0,1000.0,0,0,1,12,2,1,0,483
147,37.0,1000.0,0,1,4,9,2,0,2,455
8,21.0,500.0,0,1,2,5,2,0,0,680
297,48.0,1000.0,1,0,4,7,2,2,1,357
150,31.0,1000.0,0,1,5,6,0,0,0,417
4,34.0,500.0,0,0,1,3,0,2,0,486
210,35.0,1000.0,0,1,5,4,2,0,2,440
91,31.0,1000.0,0,0,2,8,2,2,1,449
167,36.0,1000.0,2,0,5,3,0,1,0,549
467,58.0,2000.0,2,1,5,13,2,0,2,294
264,47.0,2000.0,0,0,3,13,0,0,2,526
270,45.0,500.0,0,0,6,8,0,2,2,402
310,48.0,1000.0,2,0,5,8,2,0,0,367
143,34.0,500.0,0,1,1,8,2,0,1,333
146,32.0,2000.0,0,1,0,8,2,1,0,441
102,28.0,500.0,0,1,4,6,2,2,2,636
61,23.0,500.0,0,1,3,3,2,2,0,191
255,44.0,2000.0,2,0,6,8,1,3,3,64
211,40.0,1000.0,1,0,6,7,3,3,3,13
61,29.0,1000.0,0,1,3,5,1,3,3,70
108,31.0,2000.0,0,1,5,10,2,1,2,406
303,50.0,500.0,2,1,4,12,0,0,2,586
152,33.0,500.0,2,0,6,13,2,2,0,410
120,34.0,1000.0,0,0,3,10,1,3,1,19
144,36.0,2000.0,0,0,0,11,1,3,1,80
414,52.0,500.0,0,0,2,4,2,1,2,361
163,37.0,500.0,0,0,3,8,2,1,2,222
352,53.0,500.0,1,1,0,12,2,0,1,511
27,32.0,500.0,0,0,6,0,2,0,2,371
239,39.0,500.0,0,0,5,7,0,1,0,605
33,32.0,500.0,0,0,6,7,2,1,1,266
88,30.0,1000.0,0,0,1,13,2,2,2,350
101,33.0,1000.0,0,0,1,8,1,3,3,29
20,37.0,500.0,0,0,0,13,0,1,2,453
126,30.0,2000.0,0,0,0,6,2,2,1,310
264,43.0,2000.0,0,1,0,0,0,0,1,660
78,24.0,500.0,0,1,5,2,3,3,1,94
123,28.0,2000.0,1,1,5,13,2,2,0,653
347,51.0,500.0,0,0,4,8,2,2,2,723
163,38.0,2000.0,0,0,6,7,2,2,1,602
271,44.0,500.0,0,0,2,12,2,1,1,598
410,54.0,2000.0,2,1,4,10,2,2,1,306
448,57.0,2000.0,0,0,6,12,0,0,0,245
218,41.0,500.0,2,1,3,9,0,2,2,667
43,38.0,1000.0,1,1,6,5,0,0,2,470
33,33.0,1000.0,0,0,0,5,2,1,0,692
126,34.0,2000.0,0,0,5,13,0,2,0,358
411,56.0,1000.0,1,0,1,10,0,2,0,174
225,37.0,1000.0,0,0,2,4,0,0,1,282
35,35.0,2000.0,0,0,6,10,0,2,1,239
460,57.0,2000.0,1,0,3,2,2,0,0,331
195,38.0,2000.0,0,1,4,12,0,0,1,623
360,51.0,1000.0,0,1,6,1,0,2,2,657
300,49.0,1000.0,0,0,6,4,3,3,3,70
245,42.0,1000.0,1,1,3,3,1,3,1,70
146,36.0,2000.0,0,0,5,7,0,2,2,408
67,29.0,1000.0,1,1,2,0,2,1,0,527
380,56.0,1000.0,1,1,4,4,2,2,2,383
389,53.0,2000.0,2,1,5,1,3,3,1,62
317,46.0,1000.0,0,1,4,11,2,0,0,697
264,44.0,500.0,0,1,1,3,0,1,0,523
20,21.0,1000.0,0,0,5,8,2,1,1,394
116,30.0,500.0,2,1,3,5,0,0,0,438
222,40.0,1000.0,0,1,3,1,0,1,1,617
439,56.0,500.0,0,1,2,1,2,1,1,161
66,28.0,2000.0,0,1,0,0,2,0,2,168
128,29.0,1000.0,1,1,2,7,2,1,2,479
69,24.0,500.0,0,0,2,1,0,1,1,398
294,46.0,500.0,1,1,1,9,2,2,2,347
19,29.0,500.0,0,1,3,13,0,0,2,547
191,33.0,2000.0,1,1,2,1,3,3,1,3
4,39.0,1000.0,0,0,2,6,0,0,1,325
298,49.0,500.0,2,1,4,6,0,2,0,435
231,43.0,2000.0,0,0,5,0,2,1,1,436
338,47.0,2000.0,0,0,0,1,0,1,0,411
261,46.0,1000.0,2,1,6,9,2,1,1,567
321,44.0,2000.0,0,1,0,6,3,3,3,55
0,32.0,1000.0,0,1,1,12,0,1,1,135
405,58.0,500.0,0,1,4,3,2,0,0,544
304,49.0,1000.0,1,0,6,2,2,2,1,565
1,29.0,500.0,2,0,3,2,2,2,1,595
26,39.0,1000.0,2,1,5,12,2,2,0,226
202,38.0,2000.0,0,0,0,1,2,2,0,610
289,48.0,500.0,0,0,6,5,2,0,2,216
61,26.0,2000.0,0,0,3,4,0,1,0,246
334,46.0,1000.0,2,1,4,11,2,1,1,279
12,24.0,1000.0,0,0,6,12,0,1,1,339
86,29.0,2000.0,0,1,2,9,2,0,1,288
83,24.0,1000.0,0,0,2,6,0,0,2,373
126,30.0,2000.0,2,1,1,11,0,1,2,601
209,38.0,500.0,0,1,2,8,2,1,2,675
283,48.0,1000.0,0,0,3,11,1,3,3,76
194,34.0,1000.0,0,1,3,7,2,1,2,335
184,38.0,1000.0,0,0,1,13,0,2,1,245
479,60.0,2000.0,0,0,1,7,2,1,2,419
284,48.0,1000.0,0,0,3,12,2,2,2,130
65,27.0,1000.0,0,0,1,0,2,0,2,182
222,39.0,1000.0,0,1,2,1,0,0,0,635
196,41.0,2000.0,1,1,3,10,0,1,1,280
253,43.0,500.0,0,0,0,12,3,3,3,17
280,43.0,1000.0,1,1,3,13,2,0,2,606
5,26.0,2000.0,0,0,6,4,2,1,2,607
220,42.0,1000.0,0,1,1,4,0,1,1,296
85,30.0,1000.0,2,0,4,2,0,1,2,366
266,46.0,500.0,0,0,0,12,1,3,1,1
41,26.0,1000.0,0,0,3,9,3,3,3,84
316,45.0,2000.0,0,0,2,9,0,2,0,621
285,47.0,1000.0,0,0,5,11,3,3,3,10
379,54.0,500.0,0,0,0,6,2,0,2,682
15,34.0,2000.0,1,0,2,11,2,0,0,591
354,48.0,2000.0,1,0,5,11,2,0,1,655
342,53.0,1000.0,0,0,1,9,2,0,0,640
169,38.0,1000.0,1,1,6,2,0,0,2,644
339,49.0,2000.0,1,1,3,0,3,3,1,77
259,42.0,2000.0,0,0,6,1,0,1,2,420
65,23.0,1000.0,0,0,1,11,2,2,0,299
254,46.0,2000.0,0,1,4,12,0,0,0,432
440,55.0,500.0,0,0,0,8,0,2,1,492
478,63.0,1000.0,0,1,2,0,1,3,1,32
230,44.0,2000.0,0,0,1,9,2,0,2,451
138,30.0,500.0,0,0,6,7,2,0,0,676
239,41.0,1000.0,0,0,3,4,1,3,3,101
93,31.0,2000.0,0,0,4,9,0,1,0,167
37,25.0,1000.0,0,0,5,10,0,1,1,211
254,40.0,500.0,1,1,4,9,2,0,1,274
131,29.0,1000.0,2,0,0,11,2,0,0,566
230,43.0,2000.0,0,1,4,9,2,2,2,471
313,50.0,2000.0,0,1,4,1,0,2,0,477
210,38.0,500.0,2,1,3,12,3,3,1,99
101,29.0,500.0,0,1,6,1,0,1,1,363
153,37.0,500.0,0,1,2,13,0,2,2,210
337,53.0,500.0,0,1,0,1,2,1,1,690
360,51.0,1000.0,1,1,5,5,3,3,1,26
428,53.0,1000.0,0,0,2,12,1,3,3,78
204,40.0,500.0,0,0,3,11,0,2,1,124
364,51.0,500.0,0,1,5,13,2,1,0,495
185,35.0,2000.0,0,1,1,7,3,3,3,40
63,26.0,500.0,1,1,6,2,3,3,1,36
210,35.0,500.0,0,0,1,3,0,2,2,106
194,38.0,2000.0,0,0,6,2,0,1,1,295
294,49.0,500.0,0,1,5,4,0,2,2,231
272,41.0,2000.0,2,1,4,10,2,0,1,639
27,27.0,2000.0,0,0,1,0,2,0,2,469
251,39.0,2000.0,0,0,0,7,2,1,1,200
180,33.0,2000.0,0,0,3,10,0,1,1,320
392,50.0,2000.0,0,0,6,3,2,2,1,718
143,30.0,500.0,0,0,2,3,2,1,1,277
371,54.0,2000.0,0,1,2,2,0,0,0,111
292,42.0,1000.0,1,1,3,6,0,1,2,643
165,35.0,500.0,2,1,1,2,2,0,2,603
158,33.0,1000.0,1,1,3,9,0,1,2,128
241,39.0,1000.0,0,0,3,0,0,2,1,146
103,33.0,2000.0,0,0,5,7,0,2,0,515
402,54.0,2000.0,0,1,3,4,2,1,0,414
102,32.0,500.0,1,1,3,12,2,2,2,200
182,40.0,1000.0,0,1,6,7,2,0,2,506
282,46.0,2000.0,1,1,4,7,2,0,1,484
222,39.0,500.0,1,1,2,13,0,1,0,314
415,52.0,1000.0,2,1,6,6,0,1,2,237
51,34.0,500.0,0,1,6,6,2,2,0,286
255,45.0,500.0,0,1,2,11,2,0,2,365
143,31.0,500.0,0,1,0,10,0,2,0,597
130,28.0,1000.0,0,0,3,4,0,0,1,638
242,41.0,2000.0,0,1,5,10,0,1,1,376
96,27.0,1000.0,1,0,2,8,1,3,3,69
180,35.0,1000.0,0,1,4,6,3,3,1,39
150,30.0,1000.0,1,1,1,11,3,3,3,39
463,59.0,1000.0,2,0,3,3,0,0,0,520
472,64.0,500.0,2,1,5,7,2,0,0,503
75,25.0,1000.0,0,0,0,8,0,2,2,545
193,40.0,500.0,0,0,1,5,0,2,2,510
43,43.0,500.0,0,0,0,1,2,1,0,524
253,41.0,1000.0,0,0,1,6,2,1,2,394
152,30.0,500.0,0,0,3,2,2,2,0,707
160,38.0,500.0,1,1,2,11,0,2,0,403
56,36.0,500.0,1,1,3,4,2,1,0,543
286,41.0,500.0,0,0,1,9,1,3,3,51
3,29.0,500.0,2,0,3,8,1,3,3,37
286,41.0,1000.0,0,0,2,11,0,0,0,254
239,38.0,1000.0,0,0,5,5,0,0,0,474
64,29.0,2000.0,0,1,2,3,2,2,1,228
98,31.0,500.0,2,1,5,6,2,0,1,507
16,35.0,1000.0,0,1,3,11,2,1,2,229
70,27.0,1000.0,0,0,5,0,3,3,3,47
75,27.0,1000.0,0,1,3,1,0,2,1,570
246,44.0,1000.0,0,1,2,6,2,1,1,471
110,27.0,1000.0,1,0,0,8,2,2,2,428
236,39.0,1000.0,0,0,5,3,1,3,1,93
267,46.0,2000.0,1,0,4,0,0,0,2,576
463,57.0,500.0,0,1,5,8,2,0,1,431
303,46.0,1000.0,2,1,5,6,0,1,1,311
137,30.0,500.0,0,1,4,3,0,0,1,573
56,42.0,500.0,0,0,0,0,2,1,2,297
75,27.0,1000.0,0,1,2,5,0,0,1,649
131,33.0,2000.0,0,1,4,11,1,3,1,50
153,34.0,500.0,2,1,2,12,0,2,2,500
255,43.0,500.0,2,0,3,13,0,2,0,550
103,26.0,500.0,0,1,4,12,0,0,1,189
97,28.0,1000.0,2,1,3,4,2,1,2,126
214,36.0,2000.0,2,0,0,6,0,0,1,214
438,57.0,500.0,0,0,4,6,2,2,1,192
87,27.0,500.0,0,0,5,13,2,2,1,127
27,28.0,1000.0,0,1,4,10,1,3,3,15
206,42.0,1000.0,0,1,2,6,2,1,0,623
127,31.0,500.0,0,1,0,11,1,3,1,64
422,60.0,1000.0,1,0,4,6,2,0,0,673
303,50.0,2000.0,2,1,5,11,0,2,0,585
228,40.0,500.0,0,1,0,3,1,3,3,47
239,39.0,2000.0,2,0,3,10,2,0,0,687
330,47.0,2000.0,0,0,2,2,0,2,2,392
128,35.0,500.0,0,0,4,6,0,0,1,608
147,37.0,1000.0,0,0,0,9,0,1,2,295
287,45.0,1000.0,0,1,5,13,2,0,1,370
142,29.0,2000.0,0,0,4,2,2,1,0,330
162,35.0,2000.0,0,0,5,5,2,2,0,303
140,35.0,1000.0,1,0,2,2,1,3,3,9
106,28.0,2000.0,1,1,2,2,3,3,1,58
292,45.0,1000.0,0,1,5,2,3,3,3,86
34,34.0,500.0,0,0,6,8,0,2,0,327
290,48.0,500.0,0,1,0,0,0,2,1,171
182,38.0,2000.0,0,0,5,1,2,2,2,693
362,55.0,1000.0,0,0,3,7,0,1,2,307
143,32.0,1000.0,0,0,2,3,2,1,0,525
183,38.0,500.0,1,0,5,9,2,2,0,272
254,40.0,500.0,0,1,1,1,2,0,1,291
249,43.0,2000.0,0,0,4,0,0,1,2,422
169,36.0,500.0,1,1,2,3,0,0,2,610
235,40.0,500.0,0,1,1,2,2,2,1,467
112,32.0,1000.0,0,1,0,7,1,3,3,42
16,32.0,1000.0,2,1,4,12,0,2,2,304
128,31.0,500.0,0,0,2,13,0,2,0,581
103,27.0,1000.0,1,0,1,5,0,0,1,581
356,54.0,500.0,2,1,1,9,0,0,0,386
109,29.0,2000.0,0,0,2,0,0,2,1,632
2,20.0,1000.0,0,0,2,2,2,2,1,253
198,34.0,1000.0,1,1,0,5,2,2,0,721
107,32.0,500.0,0,1,0,6,3,3,3,22
252,39.0,500.0,0,1,2,13,0,0,1,340
303,43.0,1000.0,2,0,0,6,2,1,1,446
101,32.0,500.0,2,1,3,11,2,0,1,166
446,57.0,2000.0,0,1,1,0,0,0,2,391
330,48.0,1000.0,1,1,1,4,2,2,0,342
211,37.0,2000.0,0,0,6,1,0,0,2,340
172,33.0,1000.0,0,0,2,0,0,2,2,136
316,46.0,500.0,0,0,5,9,2,2,1,396
435,60.0,500.0,0,1,0,8,2,0,2,450
344,51.0,1000.0,2,0,5,11,0,2,0,437
204,40.0,2000.0,1,1,3,6,2,1,2,205
278,47.0,500.0,0,1,5,6,2,1,0,445
434,57.0,2000.0,0,1,3,13,0,1,0,395
209,36.0,2000.0,0,0,4,2,0,1,2,491
250,43.0,2000.0,1,1,5,11,2,0,1,364
61,25.0,2000.0,2,0,5,7,0,1,1,119
80,28.0,1000.0,1,0,1,4,2,1,0,131
25,38.0,1000.0,1,1,1,0,3,3,3,25
4,29.0,500.0,0,1,2,12,3,3,3,26
32,29.0,500.0,0,1,4,0,0,0,1,353
125,31.0,500.0,0,1,3,7,1,3,3,33
276,45.0,500.0,2,0,2,6,0,0,1,483
148,30.0,500.0,0,0,5,4,0,2,1,120
222,38.0,2000.0,0,1,4,6,2,0,2,448
32,38.0,2000.0,2,1,0,1,1,3,3,4
78,27.0,500.0,0,1,3,7,1,3,3,61
238,43.0,1000.0,1,1,2,5,0,1,2,213
313,47.0,1000.0,1,1,1,9,2,0,0,153
334,50.0,500.0,0,1,5,8,2,1,0,229
190,35.0,500.0,0,0,2,12,1,3,3,25
194,41.0,500.0,0,1,3,13,0,1,1,669
290,47.0,1000.0,0,1,2,3,0,2,1,267
26,42.0,1000.0,0,1,6,1,2,2,0,424
254,41.0,500.0,1,0,6,5,2,0,1,430
199,38.0,1000.0,0,0,2,12,2,0,0,187
137,35.0,500.0,1,1,3,9,1,3,1,56
134,36.0,1000.0,0,1,6,6,0,2,1,631
73,30.0,500.0,2,0,2,10,0,1,2,421
289,45.0,2000.0,0,0,5,4,3,3,3,10
176,36.0,500.0,1,1,1,13,2,1,2,219
145,37.0,2000.0,0,0,0,12,2,1,0,316
164,31.0,500.0,0,0,0,7,3,3,3,33
186,38.0,2000.0,0,0,5,13,0,0,2,538
85,31.0,2000.0,0,0,4,12,0,0,0,545
162,33.0,500.0,2,0,0,3,0,1,0,147
396,57.0,500.0,0,1,2,12,1,3,1,2
270,41.0,1000.0,2,1,2,11,0,1,2,434
168,39.0,1000.0,0,0,5,6,0,1,0,163
274,45.0,1000.0,0,0,3,12,2,2,1,445
263,43.0,1000.0,0,0,5,5,2,1,1,646
152,33.0,1000.0,2,0,2,4,2,1,1,702
46,41.0,2000.0,2,0,4,8,0,1,2,425
276,46.0,2000.0,0,1,1,5,2,0,1,313
234,44.0,500.0,1,1,0,7,2,2,0,609
64,30.0,2000.0,1,1,3,10,1,3,1,26
456,62.0,1000.0,0,0,4,10,0,2,0,508
58,23.0,2000.0,0,1,2,13,2,1,0,259
475,61.0,500.0,0,0,5,5,2,0,0,404
96,29.0,1000.0,0,1,1,9,0,1,0,289
99,28.0,500.0,0,1,4,9,2,0,2,227
38,28.0,500.0,0,1,5,8,0,2,1,509
259,44.0,2000.0,1,0,5,3,2,0,1,716
241,43.0,1000.0,2,1,0,9,3,3,3,81
437,58.0,2000.0,0,1,0,2,2,0,2,204
130,34.0,500.0,2,1,5,11,1,3,3,43
269,41.0,2000.0,0,0,0,5,2,2,0,537
103,29.0,500.0,2,1,0,9,1,3,1,71
284,43.0,500.0,0,1,6,9,0,2,2,139
189,39.0,2000.0,2,0,1,12,0,1,1,536
267,43.0,500.0,0,1,6,0,1,3,1,1
39,22.0,500.0,0,1,3,4,2,1,0,677
140,32.0,1000.0,2,0,1,10,2,2,0,652
243,41.0,1000.0,0,0,1,4,2,0,0,233
116,31.0,500.0,0,0,4,9,2,2,0,169
219,43.0,1000.0,0,0,2,13,2,2,0,584
96,26.0,2000.0,1,0,0,9,2,0,2,615
149,34.0,500.0,2,0,6,2,2,1,2,715
246,43.0,1000.0,0,1,3,0,2,2,1,324
293,45.0,1000.0,0,0,4,3,0,0,2,212
339,48.0,500.0,1,1,3,7,0,1,2,221
160,33.0,1000.0,0,0,2,3,0,0,2,354
224,42.0,500.0,0,0,1,9,2,0,1,184
194,34.0,1000.0,0,1,0,11,3,3,1,98
385,51.0,1000.0,2,0,4,2,0,1,1,455
100,33.0,500.0,0,1,1,0,2,1,1,141
371,50.0,1000.0,1,1,6,6,0,2,0,634
175,39.0,500.0,0,1,6,3,0,0,0,545
373,55.0,500.0,1,1,4,11,0,1,0,357
258,41.0,500.0,0,1,5,3,0,1,0,579
255,39.0,500.0,0,0,6,1,0,2,2,108
37,31.0,500.0,1,0,4,11,0,2,2,600
322,44.0,1000.0,0,0,1,6,0,2,0,222
204,38.0,2000.0,0,0,4,12,2,2,2,626
76,31.0,500.0,0,0,0,8,3,3,1,92
193,40.0,500.0,0,0,6,5,2,2,1,528
405,55.0,500.0,2,1,6,6,0,1,1,151
435,58.0,2000.0,0,1,3,11,0,1,2,143
54,35.0,500.0,0,0,4,10,0,2,1,624
144,35.0,500.0,0,1,2,6,0,2,0,668
92,32.0,500.0,1,1,5,9,2,1,2,362
173,36.0,1000.0,0,1,1,6,2,1,2,199
436,60.0,500.0,0,1,2,9,2,0,1,650
155,35.0,1000.0,2,0,0,10,2,0,1,185
78,31.0,1000.0,0,0,5,1,0,2,1,226
440,57.0,1000.0,2,1,1,10,0,1,0,379
264,43.0,500.0,1,1,6,2,0,1,0,322
66,30.0,500.0,2,0,1,0,0,0,0,345
366,50.0,1000.0,1,0,2,5,0,1,1,409
188,37.0,500.0,0,0,3,0,2,1,2,229
224,39.0,1000.0,0,0,3,9,0,1,2,374
253,46.0,500.0,0,0,4,13,0,0,0,447
446,61.0,1000.0,0,0,2,0,2,1,1,497
169,37.0,1000.0,2,1,3,1,0,2,2,224
255,46.0,500.0,0,0,3,9,0,0,1,351
209,39.0,500.0,0,1,6,13,2,2,1,127
210,37.0,500.0,0,0,4,12,2,0,2,519
174,33.0,2000.0,0,0,1,4,0,1,2,169
70,28.0,1000.0,0,1,2,6,0,2,1,123
89,32.0,2000.0,0,0,4,12,1,3,3,0
458,61.0,1000.0,0,0,2,10,2,0,1,388
239,40.0,500.0,0,0,3,11,0,1,2,618
161,38.0,2000.0,0,1,6,8,0,0,2,319
446,61.0,1000.0,0,0,2,12,0,1,1,661
476,61.0,1000.0,1,0,5,5,2,0,2,247
70,29.0,1000.0,0,0,4,1,2,0,1,432
233,41.0,2000.0,1,0,0,12,3,3,1,14
122,33.0,500.0,0,1,6,7,1,3,3,42
335,48.0,2000.0,0,0,4,6,0,0,2,132
257,40.0,2000.0,0,1,0,6,0,0,0,285
85,27.0,2000.0,0,1,1,8,0,1,1,369
133,30.0,1000.0,0,1,1,0,0,0,1,112
119,34.0,500.0,0,0,1,12,2,0,0,151
169,34.0,500.0,0,0,3,11,2,1,1,140
225,39.0,500.0,0,1,5,12,1,3,3,57
84,32.0,500.0,1,0,0,9,2,1,2,368
169,39.0,2000.0,0,1,2,1,0,1,2,205
124,32.0,1000.0,0,0,5,4,2,2,2,430
320,48.0,2000.0,1,1,1,13,0,0,1,352
297,47.0,500.0,1,1,4,0,0,2,2,202
421,56.0,500.0,1,1,5,6,2,1,0,701
136,33.0,1000.0,2,0,6,2,2,2,1,110
46,24.0,2000.0,1,0,2,1,2,2,0,305
34,24.0,2000.0,1,0,4,1,1,3,3,20
95,30.0,2000.0,0,1,1,13,2,1,1,120
140,36.0,500.0,0,0,3,1,0,1,1,684
200,34.0,1000.0,2,0,1,9,2,0,2,410
123,29.0,500.0,0,0,5,6,2,1,1,616
267,46.0,2000.0,0,1,4,2,1,3,3,40
290,42.0,500.0,2,1,5,6,2,1,1,205
45,37.0,1000.0,0,1,1,9,2,2,0,256
186,38.0,2000.0,0,0,3,10,0,1,1,494
135,34.0,2000.0,1,0,3,10,2,2,2,588
110,33.0,1000.0,0,1,0,7,2,1,0,184
259,43.0,2000.0,1,0,6,5,0,2,2,400
114,30.0,1000.0,0,0,5,10,3,3,1,41
404,56.0,1000.0,0,0,5,13,2,0,1,358
282,48.0,2000.0,0,0,4,9,3,3,1,17
57,25.0,2000.0,0,0,5,12,0,0,2,385
215,38.0,500.0,0,0,6,2,2,1,2,500
140,30.0,500.0,0,0,1,0,0,2,1,387
250,42.0,500.0,0,1,2,3,2,1,0,582
286,41.0,1000.0,2,1,1,9,3,3,3,24
356,47.0,2000.0,0,1,2,9,2,2,1,408
65,29.0,1000.0,1,1,2,7,3,3,3,78
187,34.0,500.0,0,0,6,6,0,2,1,196
386,53.0,500.0,0,1,3,2,2,0,1,482
197,41.0,1000.0,0,0,6,9,2,0,0,566
166,37.0,500.0,1,0,4,2,2,1,2,262
293,49.0,2000.0,0,0,3,13,2,0,2,344
179,32.0,2000.0,0,0,6,8,2,0,1,337
76,24.0,1000.0,1,0,4,8,0,2,2,550
105,28.0,500.0,0,0,0,9,0,1,0,355
97,26.0,1000.0,0,1,5,10,0,2,2,671
148,36.0,1000.0,0,0,4,0,2,2,2,401
77,26.0,2000.0,2,1,3,3,0,1,0,514
295,46.0,500.0,0,0,3,9,3,3,1,34
126,28.0,500.0,1,0,3,6,0,1,2,415
132,32.0,2000.0,0,1,6,7,3,3,1,50
370,55.0,2000.0,0,1,3,7,3,3,1,98
257,43.0,1000.0,2,0,3,13,2,1,2,614
9,24.0,2000.0,0,0,6,6,3,3,3,59
185,34.0,500.0,0,0,6,1,0,2,0,265
234,43.0,500.0,0,1,0,10,2,1,0,249
253,44.0,2000.0,2,0,2,4,1,3,3,56
233,39.0,2000.0,1,1,3,2,0,1,1,277
274,44.0,500.0,0,0,3,12,3,3,1,48
297,48.0,1000.0,0,1,5,10,0,0,0,473
273,47.0,1000.0,0,0,0,9,0,2,1,144
147,37.0,2000.0,0,0,5,1,0,2,0,384
285,42.0,500.0,0,1,0,8,2,2,2,260
289,43.0,1000.0,0,0,0,11,0,2,1,564
427,60.0,1000.0,0,1,4,2,2,2,0,633
380,53.0,2000.0,0,1,0,8,1,3,3,67
13,21.0,1000.0,1,1,0,9,0,2,2,723
282,43.0,500.0,0,1,4,4,2,2,0,195
312,47.0,1000.0,0,0,4,3,0,2,2,354
266,46.0,2000.0,1,1,0,5,2,0,1,662
30,36.0,500.0,0,0,1,6,0,2,2,435
198,36.0,1000.0,0,1,2,1,0,1,2,283
290,45.0,2000.0,0,1,0,12,0,2,1,559
260,46.0,2000.0,0,1,4,8,2,0,1,362
233,43.0,1000.0,2,0,1,12,0,2,1,157
130,30.0,2000.0,0,1,6,3,0,2,2,243
230,42.0,1000.0,0,0,4,0,0,1,1,268
212,40.0,1000.0,1,0,5,7,0,2,1,694
299,44.0,1000.0,1,0,1,7,2,1,1,328
91,26.0,1000.0,0,0,0,1,0,0,1,645
398,53.0,2000.0,0,0,0,8,2,0,2,260
218,43.0,500.0,1,0,0,8,2,1,0,465
152,33.0,1000.0,0,0,3,1,2,0,1,505
212,39.0,1000.0,0,0,3,10,0,1,2,339
242,44.0,2000.0,0,0,1,8,0,0,1,446
80,27.0,500.0,2,1,3,4,0,1,0,156
260,43.0,500.0,2,0,3,3,2,0,2,556
133,34.0,500.0,0,0,3,9,1,3,1,26
290,45.0,1000.0,0,0,0,6,0,2,0,333
322,49.0,2000.0,0,0,6,1,2,1,0,139
228,39.0,500.0,0,0,3,11,2,2,1,433
195,37.0,1000.0,0,1,4,12,2,2,0,236
247,39.0,500.0,1,0,5,10,3,3,3,87
405,57.0,1000.0,0,1,4,8,0,0,2,334
144,37.0,2000.0,1,0,6,5,0,1,0,278
338,47.0,500.0,0,1,4,8,2,0,2,295
121,34.0,500.0,0,1,4,8,2,0,0,573
398,55.0,2000.0,0,1,4,4,2,1,0,138
9,30.0,1000.0,0,0,2,6,2,1,2,583
115,31.0,1000.0,0,0,0,3,0,2,0,160
280,48.0,1000.0,0,1,3,13,2,0,1,332
254,45.0,500.0,0,1,3,7,0,1,2,562
141,30.0,1000.0,1,0,2,2,2,0,2,471
441,55.0,500.0,0,1,1,1,1,3,1,79
381,55.0,500.0,0,0,4,7,2,1,0,357
191,38.0,2000.0,0,0,5,2,0,2,0,334
145,34.0,1000.0,0,0,3,8,2,2,2,276
479,60.0,1000.0,0,0,4,3,0,1,2,271
215,35.0,1000.0,0,1,5,0,3,3,3,7
41,33.0,500.0,0,1,2,13,3,3,1,96
45,31.0,500.0,0,1,4,8,1,3,1,51
156,38.0,500.0,0,1,2,1,0,0,0,287
246,45.0,500.0,1,1,0,3,1,3,3,83
178,39.0,500.0,0,0,3,3,0,0,1,335
237,43.0,500.0,2,0,6,11,2,1,0,457
127,34.0,500.0,0,0,0,2,3,3,1,32
1,33.0,2000.0,0,1,0,11,2,2,2,599
5,21.0,500.0,2,0,2,3,2,2,2,188
64,28.0,1000.0,0,1,3,5,0,2,1,413
142,30.0,500.0,0,1,6,1,2,2,1,412
97,27.0,500.0,1,0,2,12,0,2,2,639
121,31.0,1000.0,0,1,0,0,0,2,0,534
225,43.0,1000.0,1,1,3,8,0,1,0,536
425,53.0,2000.0,2,0,2,8,0,0,1,689
285,44.0,2000.0,0,1,4,8,3,3,1,65
192,38.0,1000.0,0,0,5,13,0,1,2,110
285,48.0,2000.0,0,0,1,11,2,2,1,131
98,26.0,2000.0,0,1,3,3,0,0,2,383
175,36.0,500.0,0,1,5,3,0,1,0,170
259,45.0,2000.0,0,1,4,2,2,2,1,713
140,36.0,2000.0,2,0,3,13,0,0,0,384
231,37.0,500.0,2,0,2,11,2,1,0,681
186,38.0,500.0,2,1,2,0,3,3,3,23
229,41.0,2000.0,0,1,6,12,2,2,0,346
180,36.0,500.0,0,1,1,9,0,0,1,519
188,33.0,1000.0,0,1,2,10,0,1,1,596
214,40.0,1000.0,1,1,3,13,2,1,2,183
178,38.0,500.0,0,0,1,7,0,1,1,341
55,35.0,500.0,0,1,4,8,3,3,1,6
90,31.0,2000.0,2,0,6,7,2,1,2,594
135,30.0,2000.0,0,0,4,4,0,1,1,118
277,46.0,2000.0,0,0,0,0,3,3,1,18
211,38.0,1000.0,0,0,5,13,2,0,2,696
156,32.0,500.0,0,1,5,9,2,0,0,580
84,30.0,2000.0,1,1,0,8,3,3,3,33
136,32.0,500.0,0,0,3,11,2,2,0,229
310,48.0,500.0,1,0,3,0,0,1,0,304
123,34.0,2000.0,0,0,1,11,0,2,2,492
243,44.0,500.0,2,1,3,2,0,2,1,248
36,37.0,1000.0,0,0,5,6,0,2,1,190
146,31.0,1000.0,0,0,1,1,0,1,0,329
154,34.0,1000.0,0,0,3,8,0,2,2,455
204,40.0,1000.0,1,1,2,10,2,0,1,362
458,59.0,1000.0,1,0,2,10,2,0,2,372
147,31.0,500.0,0,0,6,9,2,0,0,651
279,45.0,2000.0,0,0,4,7,0,1,0,290
308,47.0,1000.0,0,0,0,2,1,3,1,48
284,48.0,500.0,2,0,6,6,0,2,0,159
108,31.0,2000.0,0,0,6,7,1,3,1,22
421,57.0,2000.0,0,0,0,1,0,0,1,590
266,42.0,1000.0,2,1,0,9,2,2,2,593
412,56.0,500.0,0,1,2,5,0,0,2,417
31,32.0,2000.0,0,0,3,7,2,2,0,464
465,63.0,500.0,0,0,5,11,2,2,1,209
126,31.0,1000.0,0,1,5,11,2,0,2,324
407,55.0,1000.0,0,0,6,12,0,2,2,418
101,27.0,500.0,2,0,1,13,1,3,1,44
187,37.0,1000.0,0,0,5,10,2,2,2,430
252,46.0,2000.0,0,0,3,5,0,0,2,650
229,43.0,2000.0,1,1,2,10,3,3,1,33
246,39.0,1000.0,0,0,3,2,2,1,1,232
190,38.0,500.0,0,1,3,2,2,2,2,173
95,32.0,2000.0,0,1,5,6,0,2,2,558
205,42.0,2000.0,0,0,2,8,2,1,1,589
41,25.0,1000.0,0,1,5,8,0,0,0,205
137,35.0,500.0,0,0,2,10,3,3,1,10
194,34.0,500.0,0,0,3,10,0,1,1,315
128,35.0,1000.0,0,0,0,0,3,3,3,88
150,37.0,1000.0,0,0,6,13,2,1,2,598
104,30.0,500.0,0,0,4,10,3,3,1,33
163,37.0,1000.0,0,0,2,2,3,3,1,22
80,26.0,1000.0,0,1,5,5,2,0,1,714
65,29.0,1000.0,0,0,4,11,0,1,1,394
179,32.0,1000.0,0,0,0,10,2,1,0,275
372,50.0,2000.0,0,0,4,12,0,2,0,252
398,55.0,500.0,2,1,2,0,3,3,3,74
213,35.0,500.0,2,1,4,12,2,2,2,575
79,25.0,500.0,1,0,0,8,2,0,2,459
232,44.0,2000.0,0,1,1,7,2,1,0,289
230,37.0,1000.0,0,1,6,12,2,1,0,217
234,41.0,500.0,2,0,3,13,0,2,0,720
240,40.0,500.0,1,0,3,10,0,1,2,480
143,33.0,1000.0,0,0,0,2,0,2,0,496
266,42.0,500.0,0,1,0,0,0,2,0,312
89,32.0,1000.0,2,0,2,2,2,0,2,572
229,37.0,1000.0,0,0,5,4,2,1,2,223
245,40.0,1000.0,0,1,6,5,2,1,1,700
50,44.0,2000.0,0,1,1,5,0,0,2,363
230,43.0,2000.0,0,1,2,3,0,0,1,255
17,39.0,1000.0,2,0,3,0,1,3,3,18
163,36.0,1000.0,1,1,4,7,2,2,2,215
29,32.0,1000.0,1,1,2,7,2,2,0,667
232,42.0,500.0,2,1,1,5,2,1,1,574
235,39.0,2000.0,0,1,3,2,2,2,0,346
295,46.0,500.0,1,0,2,1,2,1,1,359
22,21.0,1000.0,0,0,2,3,0,1,2,457
286,43.0,500.0,1,0,4,9,2,1,1,137
257,44.0,1000.0,0,1,4,7,2,1,2,346
94,26.0,500.0,2,1,4,3,0,0,0,129
124,28.0,1000.0,0,1,4,3,0,2,2,474
141,30.0,1000.0,0,1,2,11,1,3,1,75
3,38.0,1000.0,0,0,5,2,2,0,1,664
285,41.0,1000.0,0,0,6,9,2,1,0,714
130,34.0,500.0,0,0,5,1,0,2,1,554
458,62.0,2000.0,0,1,0,5,2,1,0,256
456,60.0,1000.0,2,0,0,11,1,3,1,42
